{
    "smithy": "1.0",
    "metadata": {
        "suppressions": [
            {
                "id": "HttpMethodSemantics",
                "namespace": "*"
            },
            {
                "id": "HttpResponseCodeSemantics",
                "namespace": "*"
            },
            {
                "id": "PaginatedTrait",
                "namespace": "*"
            },
            {
                "id": "HttpHeaderTrait",
                "namespace": "*"
            },
            {
                "id": "HttpUriConflict",
                "namespace": "*"
            },
            {
                "id": "Service",
                "namespace": "*"
            }
        ]
    },
    "shapes": {
        "com.amazonaws.cloudsearchdomain#Adds": {
            "type": "long"
        },
        "com.amazonaws.cloudsearchdomain#AmazonCloudSearch2013": {
            "type": "service",
            "version": "2013-01-01",
            "operations": [
                {
                    "target": "com.amazonaws.cloudsearchdomain#Search"
                },
                {
                    "target": "com.amazonaws.cloudsearchdomain#Suggest"
                },
                {
                    "target": "com.amazonaws.cloudsearchdomain#UploadDocuments"
                }
            ],
            "traits": {
                "aws.api#service": {
                    "sdkId": "CloudSearch Domain",
                    "arnNamespace": "cloudsearch",
                    "cloudFormationName": "CloudSearchDomain",
                    "cloudTrailEventSource": "cloudsearchdomain.amazonaws.com",
                    "endpointPrefix": "cloudsearchdomain"
                },
                "aws.auth#sigv4": {
                    "name": "cloudsearch"
                },
                "aws.protocols#restJson1": {},
                "smithy.api#documentation": "<p>You use the AmazonCloudSearch2013 API to upload documents to a search domain and search those documents.</p>\n\n         <p>The endpoints for submitting <code>UploadDocuments</code>, <code>Search</code>, and <code>Suggest</code> requests are domain-specific and require the <code>--endpoint-url</code> option. To get the endpoints for your domain, use the Amazon CloudSearch configuration service <code>DescribeDomains</code> action. The endpoints are also available on the domain dashboard in the Amazon CloudSearch console. You submit suggest requests to the search endpoint.</p>\n         <p>For more information, see the <a href=\"http://docs.aws.amazon.com/cloudsearch/latest/developerguide\">Amazon CloudSearch Developer Guide</a>.</p>",
                "smithy.api#title": "Amazon CloudSearch Domain",
                "smithy.api#xmlNamespace": {
                    "uri": "http://cloudsearch.amazonaws.com/doc/2013-01-01/"
                }
            }
        },
        "com.amazonaws.cloudsearchdomain#Blob": {
            "type": "blob",
            "traits": {
                "smithy.api#streaming": {}
            }
        },
        "com.amazonaws.cloudsearchdomain#Bucket": {
            "type": "structure",
            "members": {
                "value": {
                    "target": "com.amazonaws.cloudsearchdomain#String",
                    "traits": {
                        "smithy.api#documentation": "<p>The  facet value being counted.</p>"
                    }
                },
                "count": {
                    "target": "com.amazonaws.cloudsearchdomain#Long",
                    "traits": {
                        "smithy.api#documentation": "<p>The number of hits that contain the facet value in the specified facet field.</p>"
                    }
                }
            },
            "traits": {
                "smithy.api#documentation": "<p>A container for facet information.</p>"
            }
        },
        "com.amazonaws.cloudsearchdomain#BucketInfo": {
            "type": "structure",
            "members": {
                "buckets": {
                    "target": "com.amazonaws.cloudsearchdomain#BucketList",
                    "traits": {
                        "smithy.api#documentation": "<p>A list of the calculated facet values and counts.</p>"
                    }
                }
            },
            "traits": {
                "smithy.api#documentation": "<p>A container for the calculated facet values and counts.</p>"
            }
        },
        "com.amazonaws.cloudsearchdomain#BucketList": {
            "type": "list",
            "member": {
                "target": "com.amazonaws.cloudsearchdomain#Bucket"
            }
        },
        "com.amazonaws.cloudsearchdomain#ContentType": {
            "type": "string",
            "traits": {
                "smithy.api#enum": [
                    {
                        "value": "application/json",
                        "name": "application_json"
                    },
                    {
                        "value": "application/xml",
                        "name": "application_xml"
                    }
                ]
            }
        },
        "com.amazonaws.cloudsearchdomain#Cursor": {
            "type": "string"
        },
        "com.amazonaws.cloudsearchdomain#Deletes": {
            "type": "long"
        },
        "com.amazonaws.cloudsearchdomain#DocumentServiceException": {
            "type": "structure",
            "members": {
                "status": {
                    "target": "com.amazonaws.cloudsearchdomain#String",
                    "traits": {
                        "smithy.api#documentation": "<p>The return status of a document upload request, <code>error</code> or <code>success</code>.</p>"
                    }
                },
                "message": {
                    "target": "com.amazonaws.cloudsearchdomain#String",
                    "traits": {
                        "smithy.api#documentation": "<p>The description of the errors returned by the document service.</p>"
                    }
                }
            },
            "traits": {
                "smithy.api#documentation": "<p>Information about any problems encountered while processing an upload request.</p>",
                "smithy.api#error": "client"
            }
        },
        "com.amazonaws.cloudsearchdomain#DocumentServiceWarning": {
            "type": "structure",
            "members": {
                "message": {
                    "target": "com.amazonaws.cloudsearchdomain#String",
                    "traits": {
                        "smithy.api#documentation": "<p>The description for a warning returned by the document service.</p>"
                    }
                }
            },
            "traits": {
                "smithy.api#documentation": "<p>A warning returned by the document service when an issue is discovered while processing an upload request.</p>"
            }
        },
        "com.amazonaws.cloudsearchdomain#DocumentServiceWarnings": {
            "type": "list",
            "member": {
                "target": "com.amazonaws.cloudsearchdomain#DocumentServiceWarning"
            }
        },
        "com.amazonaws.cloudsearchdomain#Double": {
            "type": "double"
        },
        "com.amazonaws.cloudsearchdomain#Expr": {
            "type": "string"
        },
        "com.amazonaws.cloudsearchdomain#Exprs": {
            "type": "map",
            "key": {
                "target": "com.amazonaws.cloudsearchdomain#String"
            },
            "value": {
                "target": "com.amazonaws.cloudsearchdomain#String"
            }
        },
        "com.amazonaws.cloudsearchdomain#Facet": {
            "type": "string"
        },
        "com.amazonaws.cloudsearchdomain#Facets": {
            "type": "map",
            "key": {
                "target": "com.amazonaws.cloudsearchdomain#String"
            },
            "value": {
                "target": "com.amazonaws.cloudsearchdomain#BucketInfo"
            }
        },
        "com.amazonaws.cloudsearchdomain#FieldStats": {
            "type": "structure",
            "members": {
                "min": {
                    "target": "com.amazonaws.cloudsearchdomain#String",
                    "traits": {
                        "smithy.api#documentation": "<p>The minimum value found in the specified field in the result set.</p>\n       <p>If the field is numeric (<code>int</code>, <code>int-array</code>, <code>double</code>, or <code>double-array</code>), <code>min</code> is the string representation of a double-precision 64-bit floating point value. If the field is <code>date</code> or <code>date-array</code>, <code>min</code> is the string representation of a date with the format specified in <a href=\"http://tools.ietf.org/html/rfc3339\">IETF RFC3339</a>: yyyy-mm-ddTHH:mm:ss.SSSZ.</p>"
                    }
                },
                "max": {
                    "target": "com.amazonaws.cloudsearchdomain#String",
                    "traits": {
                        "smithy.api#documentation": "<p>The maximum value found in the specified field in the result set.</p>\n       <p>If the field is numeric (<code>int</code>, <code>int-array</code>, <code>double</code>, or <code>double-array</code>), <code>max</code> is the string representation of a double-precision 64-bit floating point value. If the field is <code>date</code> or <code>date-array</code>, <code>max</code> is the string representation of a date with the format specified in <a href=\"http://tools.ietf.org/html/rfc3339\">IETF RFC3339</a>: yyyy-mm-ddTHH:mm:ss.SSSZ.</p>"
                    }
                },
                "count": {
                    "target": "com.amazonaws.cloudsearchdomain#Long",
                    "traits": {
                        "smithy.api#documentation": "<p>The number of documents that contain a value in the specified field in the result set.</p>"
                    }
                },
                "missing": {
                    "target": "com.amazonaws.cloudsearchdomain#Long",
                    "traits": {
                        "smithy.api#documentation": "<p>The number of documents that do not contain a value in the specified field in the result set.</p>"
                    }
                },
                "sum": {
                    "target": "com.amazonaws.cloudsearchdomain#Double",
                    "traits": {
                        "smithy.api#documentation": "<p>The sum of the field values across the documents in the result set. <code>null</code> for date fields.</p>"
                    }
                },
                "sumOfSquares": {
                    "target": "com.amazonaws.cloudsearchdomain#Double",
                    "traits": {
                        "smithy.api#documentation": "<p>The sum of all field values in the result set squared.</p>"
                    }
                },
                "mean": {
                    "target": "com.amazonaws.cloudsearchdomain#String",
                    "traits": {
                        "smithy.api#documentation": "<p>The average of the values found in the specified field in the result set.</p> \n       <p>If the field is numeric (<code>int</code>, <code>int-array</code>, <code>double</code>, or <code>double-array</code>), <code>mean</code> is the string representation of a double-precision 64-bit floating point value. If the field is <code>date</code> or <code>date-array</code>, <code>mean</code> is the string representation of a date with the format specified in <a href=\"http://tools.ietf.org/html/rfc3339\">IETF RFC3339</a>: yyyy-mm-ddTHH:mm:ss.SSSZ.</p>"
                    }
                },
                "stddev": {
                    "target": "com.amazonaws.cloudsearchdomain#Double",
                    "traits": {
                        "smithy.api#documentation": "<p>The standard deviation of the values in the specified field in the result set.</p>"
                    }
                }
            },
            "traits": {
                "smithy.api#documentation": "<p>The statistics for a field calculated in the request.</p>"
            }
        },
        "com.amazonaws.cloudsearchdomain#FieldValue": {
            "type": "list",
            "member": {
                "target": "com.amazonaws.cloudsearchdomain#String"
            }
        },
        "com.amazonaws.cloudsearchdomain#Fields": {
            "type": "map",
            "key": {
                "target": "com.amazonaws.cloudsearchdomain#String"
            },
            "value": {
                "target": "com.amazonaws.cloudsearchdomain#FieldValue"
            }
        },
        "com.amazonaws.cloudsearchdomain#FilterQuery": {
            "type": "string"
        },
        "com.amazonaws.cloudsearchdomain#Highlight": {
            "type": "string"
        },
        "com.amazonaws.cloudsearchdomain#Highlights": {
            "type": "map",
            "key": {
                "target": "com.amazonaws.cloudsearchdomain#String"
            },
            "value": {
                "target": "com.amazonaws.cloudsearchdomain#String"
            }
        },
        "com.amazonaws.cloudsearchdomain#Hit": {
            "type": "structure",
            "members": {
                "id": {
                    "target": "com.amazonaws.cloudsearchdomain#String",
                    "traits": {
                        "smithy.api#documentation": "<p>The document ID of a document that matches the search request.</p>"
                    }
                },
                "fields": {
                    "target": "com.amazonaws.cloudsearchdomain#Fields",
                    "traits": {
                        "smithy.api#documentation": "<p>The fields returned from a document that matches the search request.</p>"
                    }
                },
                "exprs": {
                    "target": "com.amazonaws.cloudsearchdomain#Exprs",
                    "traits": {
                        "smithy.api#documentation": "<p>The expressions returned from a document that matches the search request.</p>"
                    }
                },
                "highlights": {
                    "target": "com.amazonaws.cloudsearchdomain#Highlights",
                    "traits": {
                        "smithy.api#documentation": "<p>The highlights returned from a document that matches the search request.</p>"
                    }
                }
            },
            "traits": {
                "smithy.api#documentation": "<p>Information about a document that matches the search request.</p>"
            }
        },
        "com.amazonaws.cloudsearchdomain#HitList": {
            "type": "list",
            "member": {
                "target": "com.amazonaws.cloudsearchdomain#Hit"
            }
        },
        "com.amazonaws.cloudsearchdomain#Hits": {
            "type": "structure",
            "members": {
                "found": {
                    "target": "com.amazonaws.cloudsearchdomain#Long",
                    "traits": {
                        "smithy.api#documentation": "<p>The total number of documents that match the search request.</p>"
                    }
                },
                "start": {
                    "target": "com.amazonaws.cloudsearchdomain#Long",
                    "traits": {
                        "smithy.api#documentation": "<p>The index of the first matching document.</p>"
                    }
                },
                "cursor": {
                    "target": "com.amazonaws.cloudsearchdomain#String",
                    "traits": {
                        "smithy.api#documentation": "<p>A cursor that can be used to retrieve the next set of matching documents when you want to page through a large result set.</p>"
                    }
                },
                "hit": {
                    "target": "com.amazonaws.cloudsearchdomain#HitList",
                    "traits": {
                        "smithy.api#documentation": "<p>A document that matches the search request.</p>"
                    }
                }
            },
            "traits": {
                "smithy.api#documentation": "<p>The collection of documents that match the search request.</p>"
            }
        },
        "com.amazonaws.cloudsearchdomain#Long": {
            "type": "long"
        },
        "com.amazonaws.cloudsearchdomain#Partial": {
            "type": "boolean"
        },
        "com.amazonaws.cloudsearchdomain#Query": {
            "type": "string"
        },
        "com.amazonaws.cloudsearchdomain#QueryOptions": {
            "type": "string"
        },
        "com.amazonaws.cloudsearchdomain#QueryParser": {
            "type": "string",
            "traits": {
                "smithy.api#enum": [
                    {
                        "value": "simple",
                        "name": "simple"
                    },
                    {
                        "value": "structured",
                        "name": "structured"
                    },
                    {
                        "value": "lucene",
                        "name": "lucene"
                    },
                    {
                        "value": "dismax",
                        "name": "dismax"
                    }
                ]
            }
        },
        "com.amazonaws.cloudsearchdomain#Return": {
            "type": "string"
        },
        "com.amazonaws.cloudsearchdomain#Search": {
            "type": "operation",
            "input": {
                "target": "com.amazonaws.cloudsearchdomain#SearchRequest"
            },
            "output": {
                "target": "com.amazonaws.cloudsearchdomain#SearchResponse"
            },
            "errors": [
                {
                    "target": "com.amazonaws.cloudsearchdomain#SearchException"
                }
            ],
            "traits": {
                "smithy.api#documentation": "<p>Retrieves a list of documents that match the specified search criteria. How you specify the search criteria depends on which query parser you use. Amazon CloudSearch supports four query parsers:</p>\n      <ul>\n         <li><code>simple</code>: search all <code>text</code> and <code>text-array</code> fields for the specified string. Search for phrases, individual terms, and prefixes. </li>\n         <li><code>structured</code>: search specific fields, construct compound queries using Boolean operators, and use advanced features such as term boosting and proximity searching.</li>\n         <li><code>lucene</code>: specify search criteria using the Apache Lucene query parser syntax.</li>\n         <li><code>dismax</code>: specify search criteria using the simplified subset of the Apache Lucene query parser syntax defined by the DisMax query parser.</li>\n      </ul>\n      <p>For more information, see <a href=\"http://docs.aws.amazon.com/cloudsearch/latest/developerguide/searching.html\">Searching Your Data</a> in the <i>Amazon CloudSearch Developer Guide</i>.</p>\n      <p>The endpoint for submitting <code>Search</code> requests is domain-specific and requires the <code>--endpoint-url</code> option. You submit search requests to a domain's search endpoint. To get the search endpoint for your domain, use the Amazon CloudSearch configuration service <code>DescribeDomains</code> action. The endpoints are also available on the domain dashboard in the Amazon CloudSearch console.</p>",
                "smithy.api#http": {
                    "method": "GET",
                    "uri": "/2013-01-01/search?format=sdk&pretty=true",
                    "code": 200
                }
            }
        },
        "com.amazonaws.cloudsearchdomain#SearchException": {
            "type": "structure",
            "members": {
                "message": {
                    "target": "com.amazonaws.cloudsearchdomain#String",
                    "traits": {
                        "smithy.api#documentation": "<p>A description of the error returned by the search service.</p>"
                    }
                }
            },
            "traits": {
                "smithy.api#documentation": "<p>Information about any problems encountered while processing a search request.</p>",
                "smithy.api#error": "client"
            }
        },
        "com.amazonaws.cloudsearchdomain#SearchRequest": {
            "type": "structure",
            "members": {
                "cursor": {
                    "target": "com.amazonaws.cloudsearchdomain#Cursor",
                    "traits": {
                        "smithy.api#documentation": "<p>Retrieves a cursor value you can use to page through large result sets. \n         Use the <code>size</code> parameter to control the number of hits to include in each response. You can specify either the <code>cursor</code> or\n         <code>start</code> parameter in a request; they are mutually exclusive. To get the first cursor, set the cursor value to <code>initial</code>. In subsequent requests, specify the cursor value returned in the hits section of the response.</p>\n      <p>For more\n         information, see <a href=\"http://docs.aws.amazon.com/cloudsearch/latest/developerguide/paginating-results.html\">Paginating Results</a> in the <i>Amazon CloudSearch Developer Guide</i>.</p>",
                        "smithy.api#httpQuery": "cursor"
                    }
                },
                "expr": {
                    "target": "com.amazonaws.cloudsearchdomain#Expr",
                    "traits": {
                        "smithy.api#documentation": "<p>Defines one or more numeric expressions that can be used to sort results or specify search criteria. You can also specify expressions as return fields.</p>\n      <p>You specify the expressions in JSON using the form <code>{\"EXPRESSIONNAME\":\"EXPRESSION\"}</code>. You can define and use multiple expressions in a search request. For example:</p>\n      <p><code>\n         {\"expression1\":\"_score*rating\", \"expression2\":\"(1/rank)*year\"}\n      </code> </p>\n      <p>For information about the variables, operators, and functions you can use in expressions, see <a href=\"http://docs.aws.amazon.com/cloudsearch/latest/developerguide/configuring-expressions.html#writing-expressions\">Writing Expressions</a>\n         in the <i>Amazon CloudSearch Developer Guide</i>.</p>",
                        "smithy.api#httpQuery": "expr"
                    }
                },
                "facet": {
                    "target": "com.amazonaws.cloudsearchdomain#Facet",
                    "traits": {
                        "smithy.api#documentation": "<p>Specifies one or more fields for which to get facet information, and options that control how the facet information is returned. Each specified field must be facet-enabled in the domain configuration. The fields and options are specified in JSON using the form <code>{\"FIELD\":{\"OPTION\":VALUE,\"OPTION:\"STRING\"},\"FIELD\":{\"OPTION\":VALUE,\"OPTION\":\"STRING\"}}</code>.</p>\n         <p>You can specify the following faceting options:</p>\n      <ul>\n         <li>\n            <p><code>buckets</code> specifies an array of the facet values or\n               ranges to count. Ranges are specified using the same syntax that you use to search for a range of values.\n               For more information, see <a href=\"http://docs.aws.amazon.com/cloudsearch/latest/developerguide/searching-ranges.html\">\n                  Searching for a Range of Values</a> in the <i>Amazon CloudSearch Developer Guide</i>. Buckets are returned in the order they\n               are specified in the request. The <code>sort</code> and <code>size</code> options are\n               not valid if you specify <code>buckets</code>.</p>\n         </li>\n         <li>\n            <p><code>size</code> specifies the maximum number of facets to include in the results. By\n               default, Amazon CloudSearch returns counts for the top 10. The\n               <code>size</code> parameter is only valid when you specify\n               the <code>sort</code> option; it cannot be used in conjunction\n               with <code>buckets</code>.</p>\n         </li>\n         <li>\n            <p><code>sort</code> specifies how you want to sort the facets in\n               the results: <code>bucket</code> or <code>count</code>. Specify\n               <code>bucket</code> to sort alphabetically or numerically by\n               facet value (in ascending order). Specify <code>count</code> to\n               sort by the facet counts computed for each facet value (in\n               descending order). To retrieve facet counts for particular\n               values or ranges of values, use the <code>buckets</code> option\n               instead of <code>sort</code>.</p>\n         </li>\n      </ul>\n      <p>If no facet options are specified, facet counts are computed for all field values, the facets are sorted by facet count, and the top 10 facets are returned in the results.</p>\n      \n      <p>To count particular buckets of values, use the <code>buckets</code> option. For example, the following request uses the <code>buckets</code> option to calculate and return facet counts by decade.</p>\n      <p><code>\n         {\"year\":{\"buckets\":[\"[1970,1979]\",\"[1980,1989]\",\"[1990,1999]\",\"[2000,2009]\",\"[2010,}\"]}} \n      </code></p>\n      \n         <p>To sort facets by facet count, use the <code>count</code> option. For example, the following request sets the <code>sort</code> option to <code>count</code> to sort the facet values by facet count, with the facet\n            values that have the most matching documents listed first. Setting the <code>size</code> option to 3 returns only the top three facet values.</p>\n         <p><code>\n            {\"year\":{\"sort\":\"count\",\"size\":3}}\n         </code></p>\n\n         <p>To sort the facets by value, use the <code>bucket</code> option. For example, the following  request sets the <code>sort</code> option to <code>bucket</code> to sort the facet values numerically by year, with earliest year listed first.</p>\n         <p><code>\n            {\"year\":{\"sort\":\"bucket\"}}\n         </code></p>\n      <p>For more\n         information, see <a href=\"http://docs.aws.amazon.com/cloudsearch/latest/developerguide/faceting.html\">Getting and Using Facet Information</a>\n         in the <i>Amazon CloudSearch Developer Guide</i>.</p>",
                        "smithy.api#httpQuery": "facet"
                    }
                },
                "filterQuery": {
                    "target": "com.amazonaws.cloudsearchdomain#FilterQuery",
                    "traits": {
                        "smithy.api#documentation": "<p>Specifies a structured query that filters the results of a search without affecting how the results are scored and sorted. You use <code>filterQuery</code> in conjunction with the <code>query</code> parameter to filter the documents that match the constraints specified in the <code>query</code> parameter. Specifying a filter controls only which matching documents are included in the results, it has no effect on how they are scored and sorted. The <code>filterQuery</code> parameter supports the full structured query syntax.</p>\n      <p>For more information about using filters, see <a href=\"http://docs.aws.amazon.com/cloudsearch/latest/developerguide/filtering-results.html\">Filtering Matching Documents</a>\n         in the <i>Amazon CloudSearch Developer Guide</i>.</p>",
                        "smithy.api#httpQuery": "fq"
                    }
                },
                "highlight": {
                    "target": "com.amazonaws.cloudsearchdomain#Highlight",
                    "traits": {
                        "smithy.api#documentation": "<p>Retrieves highlights for matches in the specified <code>text</code> or\n         <code>text-array</code> fields. Each specified field must be highlight enabled in the domain configuration. The fields and options are specified in JSON using the form <code>{\"FIELD\":{\"OPTION\":VALUE,\"OPTION:\"STRING\"},\"FIELD\":{\"OPTION\":VALUE,\"OPTION\":\"STRING\"}}</code>.</p>\n      <p>You can specify the following highlight options:</p>\n         <ul>\n            <li>\n               <code>format</code>: specifies the format of the data in the\n                  text field: <code>text</code> or <code>html</code>. When data is\n                  returned as HTML, all non-alphanumeric characters are encoded.\n                  The default is <code>html</code>. \n            </li>\n            <li>\n               <code>max_phrases</code>: specifies the maximum number of\n                  occurrences of the search term(s) you want to highlight. By\n                  default, the first occurrence is highlighted. \n            </li>\n            <li>\n               <code>pre_tag</code>: specifies the string to prepend to an\n                  occurrence of a search term. The default for HTML highlights is\n               <code>&lt;em&gt;</code>. The default for text highlights is\n                  <code>*</code>. \n            </li>\n            <li>\n               <code>post_tag</code>: specifies the string to append to an\n                  occurrence of a search term. The default for HTML highlights is\n                  <code>&lt;/em&gt;</code>. The default for text highlights is\n                  <code>*</code>. \n            </li>\n         </ul>\n         <p>If no highlight options are specified for a field, the returned field text is treated as HTML and the first match is\n            highlighted with emphasis tags:  <code>&lt;em>search-term&lt;/em&gt;</code>.</p>\n            <p>For example, the following request retrieves highlights for the <code>actors</code> and <code>title</code> fields.</p>\n                 <p> <code>{\n    \"actors\": {},\n    \"title\": {\"format\": \"text\",\"max_phrases\": 2,\"pre_tag\": \"<b>\",\"post_tag\": \"</b>\"}\n                    }</code></p>",
                        "smithy.api#httpQuery": "highlight"
                    }
                },
                "partial": {
                    "target": "com.amazonaws.cloudsearchdomain#Partial",
                    "traits": {
                        "smithy.api#documentation": "<p>Enables partial results to be returned if one or more index partitions are unavailable. When your search index is partitioned across multiple search instances, by default Amazon CloudSearch only returns results if every partition can be queried. This means that the failure of a single search instance can result in 5xx (internal server) errors. When you enable partial results, Amazon CloudSearch returns whatever results are available and includes the percentage of documents searched in the search results (percent-searched). This enables you to more gracefully degrade your users' search experience. For example, rather than displaying no results, you could display the partial results and a message indicating that the results might be incomplete due to a temporary system outage.</p>",
                        "smithy.api#httpQuery": "partial"
                    }
                },
                "query": {
                    "target": "com.amazonaws.cloudsearchdomain#Query",
                    "traits": {
                        "smithy.api#documentation": "<p>Specifies the search criteria for the request. How you specify the search\n         criteria depends on the query parser used for the request and the parser options\n         specified in the <code>queryOptions</code> parameter. By default,\n         the <code>simple</code> query parser is used to process requests. To use\n         the <code>structured</code>, <code>lucene</code>, or <code>dismax</code> query parser, \n         you must also specify the <code>queryParser</code> parameter.</p>\n            <p>For more information about specifying search criteria, see <a href=\"http://docs.aws.amazon.com/cloudsearch/latest/developerguide/searching.html\">Searching Your Data</a> in the <i>Amazon CloudSearch Developer Guide</i>.</p>",
                        "smithy.api#httpQuery": "q",
                        "smithy.api#required": {}
                    }
                },
                "queryOptions": {
                    "target": "com.amazonaws.cloudsearchdomain#QueryOptions",
                    "traits": {
                        "smithy.api#documentation": "<p>Configures options for the query parser specified in the <code>queryParser</code> parameter. You specify the options in JSON using the following form <code>{\"OPTION1\":\"VALUE1\",\"OPTION2\":VALUE2\"...\"OPTIONN\":\"VALUEN\"}.</code></p>\n      \n      <p>The options you can configure vary according to which parser you use:</p>\n      <ul>\n         <li><code>defaultOperator</code>: The default operator used to combine individual terms in the search string. For example: <code>defaultOperator: 'or'</code>. For the <code>dismax</code> parser, you specify a percentage that represents the percentage of terms in the search string (rounded down) that must match, rather than a default operator. A value of <code>0%</code> is the equivalent to OR, and a value of <code>100%</code> is equivalent to AND. The percentage must be specified as a value in the range 0-100 followed by the percent (%) symbol. For example, <code>defaultOperator: 50%</code>. Valid values: <code>and</code>, <code>or</code>, a percentage in the range 0%-100% (<code>dismax</code>). Default: <code>and</code> (<code>simple</code>, <code>structured</code>, <code>lucene</code>) or <code>100</code> (<code>dismax</code>). Valid for: <code>simple</code>, <code>structured</code>, <code>lucene</code>, and <code>dismax</code>.</li>\n         <li><code>fields</code>: An array of the fields to search when no fields are specified in a search. If no fields are specified in a search and this option is not specified, all text and text-array fields are searched. You can specify a weight for each field to control the relative importance of each field when Amazon CloudSearch calculates relevance scores. To specify a field weight, append a caret (<code>^</code>) symbol and the weight to the field name. For example, to boost the importance of the <code>title</code> field over the <code>description</code> field you could specify: <code>\"fields\":[\"title^5\",\"description\"]</code>. Valid values: The name of any configured field and an optional numeric value greater than zero. Default: All <code>text</code> and <code>text-array</code> fields. Valid for: <code>simple</code>, <code>structured</code>, <code>lucene</code>, and <code>dismax</code>.</li>\n         <li><code>operators</code>: An array of the operators or special characters you want to\n            disable for the simple query parser. If you disable the\n            <code>and</code>, <code>or</code>, or <code>not</code>\n            operators, the corresponding operators (<code>+</code>,\n            <code>|</code>, <code>-</code>) have no special meaning and\n            are dropped from the search string. Similarly, disabling\n            <code>prefix</code> disables the wildcard operator\n            (<code>*</code>) and disabling <code>phrase</code> disables\n            the ability to search for phrases by enclosing phrases in double\n            quotes. Disabling precedence disables the ability to control\n            order of precedence using parentheses. Disabling <code>near</code> disables \n            the ability to use the ~ operator to perform a sloppy phrase search. \n            Disabling the <code>fuzzy</code> operator disables the ability to use the ~ operator to perform a fuzzy search.\n            <code>escape</code> disables the ability to use a backslash\n            (<code>\\</code>) to escape special characters within the\n            search string. Disabling whitespace is an advanced option that\n            prevents the parser from tokenizing on whitespace, which can be\n            useful for Vietnamese. (It prevents Vietnamese words from being\n            split incorrectly.) For example, you could disable all operators\n            other than the phrase operator to support just simple term and\n            phrase queries: <code>\"operators\":[\"and\",\"not\",\"or\",\n               \"prefix\"]</code>. Valid values: <code>and</code>, <code>escape</code>,   \n            <code>fuzzy</code>, <code>near</code>, <code>not</code>, <code>or</code>, \n            <code>phrase</code>, <code>precedence</code>, <code>prefix</code>,\n            <code>whitespace</code>. Default: All\n            operators and special characters are enabled. Valid for:\n            <code>simple</code>.</li>\n         <li><code>phraseFields</code>: An array of the <code>text</code> or <code>text-array</code> fields you want to use for\n            phrase searches. When the terms in the search string appear in\n            close proximity within a field, the field scores higher. You can\n            specify a weight for each field to boost that score. The\n            <code>phraseSlop</code> option controls how much the matches\n            can deviate from the search string and still be boosted. To\n            specify a field weight, append a caret (<code>^</code>) symbol\n            and the weight to the field name. For example, to boost phrase\n            matches in the <code>title</code> field over the\n            <code>abstract</code> field, you could specify:\n            <code>\"phraseFields\":[\"title^3\",\n               \"plot\"]</code>\n            Valid values: The name of any <code>text</code> or\n            <code>text-array</code> field and an optional numeric value greater than zero. Default: No fields. If you don't specify any fields with <code>phraseFields</code>, proximity scoring is disabled even if <code>phraseSlop</code> is specified. Valid\n            for: <code>dismax</code>.</li>\n         <li><code>phraseSlop</code>: An integer value that specifies how much matches can deviate from the search phrase and still be boosted according to the weights specified in the <code>phraseFields</code> option; for example, <code>phraseSlop: 2</code>. You must also specify <code>phraseFields</code> to enable proximity scoring. Valid values: positive integers. Default: 0. Valid for: <code>dismax</code>.</li>\n         <li><code>explicitPhraseSlop</code>: An integer value that specifies how much a match can deviate from the search phrase when the phrase is enclosed in double quotes in the search string. (Phrases that exceed this proximity distance are not considered a match.) For example, to specify a slop of three for dismax phrase queries, you would specify <code>\"explicitPhraseSlop\":3</code>. Valid values: positive integers. Default: 0. Valid for: <code>dismax</code>.</li>\n         <li><code>tieBreaker</code>: When a term in the search string is found in a document's field, a score is calculated for that field based on how common the word is in that field compared to other documents. If the term occurs in multiple fields within a document, by default only the highest scoring field contributes to the document's overall score. You can specify a <code>tieBreaker</code> value to enable the matches in lower-scoring fields to contribute to the document's score. That way, if two documents have the same max field score for a particular term, the score for the document that has matches in more fields will be higher. The formula for calculating the score with a tieBreaker is <code>(max field score) + (tieBreaker) * (sum of the scores for the rest of the matching fields)</code>.\n            \n            Set <code>tieBreaker</code> to 0 to disregard all but the highest scoring field (pure max): <code>\"tieBreaker\":0</code>. Set to 1 to sum the scores from all fields (pure sum): <code>\"tieBreaker\":1</code>. Valid values: 0.0 to 1.0. Default: 0.0. Valid for: <code>dismax</code>. \n         </li>\n      </ul>",
                        "smithy.api#httpQuery": "q.options"
                    }
                },
                "queryParser": {
                    "target": "com.amazonaws.cloudsearchdomain#QueryParser",
                    "traits": {
                        "smithy.api#documentation": "<p>Specifies which\n         query parser to use to process the request. If <code>queryParser</code> is not specified, Amazon CloudSearch\n         uses the <code>simple</code> query parser.</p>\n      <p>Amazon CloudSearch supports four query parsers:</p>\n      <ul>\n         <li>\n            <code>simple</code>: perform simple searches of <code>text</code> and\n               <code>text-array</code> fields. By default, the\n               <code>simple</code> query parser searches all\n               <code>text</code> and <code>text-array</code> fields. You\n               can specify which fields to search by with the\n               <code>queryOptions</code> parameter. If you prefix a search\n               term with a plus sign (+) documents must contain the term to be considered a match. \n               (This is the default, unless you configure the default operator with the <code>queryOptions</code> parameter.)\n               You can use the <code>-</code> (NOT), <code>|</code>\n               (OR), and <code>*</code> (wildcard) operators to exclude\n               particular terms, find results that match any of the specified\n               terms, or search for a prefix. To search for a phrase rather\n               than individual terms, enclose the phrase in double quotes. For\n               more information, see <a href=\"http://docs.aws.amazon.com/cloudsearch/latest/developerguide/searching-text.html\">Searching for Text</a> in the <i>Amazon CloudSearch Developer Guide</i>. \n         </li>\n         <li>\n            <code>structured</code>: perform advanced searches by combining \n               multiple expressions to define the search criteria. You can also search \n               within particular fields, search for values and ranges of values, and use \n               advanced options such as term boosting, <code>matchall</code>, and <code>near</code>. \n               For more information, see <a href=\"http://docs.aws.amazon.com/cloudsearch/latest/developerguide/searching-compound-queries.html\">Constructing Compound Queries</a> in the <i>Amazon CloudSearch Developer Guide</i>.\n         </li>\n         <li>\n            <code>lucene</code>: search using the Apache Lucene query parser syntax. \n               For more information, see <a href=\"http://lucene.apache.org/core/4_6_0/queryparser/org/apache/lucene/queryparser/classic/package-summary.html#package_description\">Apache Lucene Query Parser Syntax</a>.\n         </li>\n         <li>\n            <code>dismax</code>: search using the simplified subset of the Apache Lucene query parser syntax\n               defined by the DisMax query parser.\n               For more information, see <a href=\"http://wiki.apache.org/solr/DisMaxQParserPlugin#Query_Syntax\">DisMax Query Parser Syntax</a>.\n         </li>\n         \n      </ul>",
                        "smithy.api#httpQuery": "q.parser"
                    }
                },
                "return": {
                    "target": "com.amazonaws.cloudsearchdomain#Return",
                    "traits": {
                        "smithy.api#documentation": "<p>Specifies the field and expression values to include in the response. Multiple fields or expressions are specified as a comma-separated list. By default, a search response includes all\n         return enabled fields (<code>_all_fields</code>). \n         To  return only the document IDs for the matching documents, \n         specify <code>_no_fields</code>.\n         To retrieve the relevance score calculated for each document, \n         specify <code>_score</code>.</p>",
                        "smithy.api#httpQuery": "return"
                    }
                },
                "size": {
                    "target": "com.amazonaws.cloudsearchdomain#Size",
                    "traits": {
                        "smithy.api#documentation": "<p>Specifies the maximum number of search hits to include in the response.</p>",
                        "smithy.api#httpQuery": "size"
                    }
                },
                "sort": {
                    "target": "com.amazonaws.cloudsearchdomain#Sort",
                    "traits": {
                        "smithy.api#documentation": "<p>Specifies the fields or custom expressions to use to sort the search\n         results. Multiple fields or expressions are specified as a comma-separated list.\n         You must specify the sort direction (<code>asc</code> or\n         <code>desc</code>) for each field; for example, <code>year\n            desc,title asc</code>. To use a field to sort results, the field must be sort-enabled in\n         the domain configuration. Array type fields cannot be used for sorting.\n         If no <code>sort</code> parameter is specified, results are sorted by\n         their default relevance scores in descending order: <code>_score\n            desc</code>. You can also sort by document ID\n         (<code>_id asc</code>) and version (<code>_version desc</code>).</p>\n      <p>For more information, see <a href=\"http://docs.aws.amazon.com/cloudsearch/latest/developerguide/sorting-results.html\">Sorting Results</a> in the <i>Amazon CloudSearch Developer Guide</i>.</p>",
                        "smithy.api#httpQuery": "sort"
                    }
                },
                "start": {
                    "target": "com.amazonaws.cloudsearchdomain#Start",
                    "traits": {
                        "smithy.api#documentation": "<p>Specifies the offset of the first search hit you want to return. Note that the result set is zero-based; the first result is at index 0. You can specify either the <code>start</code> or <code>cursor</code> parameter in a request, they are mutually exclusive.</p>\n      <p>For more information, see <a href=\"http://docs.aws.amazon.com/cloudsearch/latest/developerguide/paginating-results.html\">Paginating Results</a> in the <i>Amazon CloudSearch Developer Guide</i>.</p>",
                        "smithy.api#httpQuery": "start"
                    }
                },
                "stats": {
                    "target": "com.amazonaws.cloudsearchdomain#Stat",
                    "traits": {
                        "smithy.api#documentation": "<p>Specifies one or more fields for which to get statistics information. Each specified field must be facet-enabled in the domain configuration. The fields are specified in JSON using the form:</p>\n      <code>{\"FIELD-A\":{},\"FIELD-B\":{}}</code>\n      <p>There are currently no options supported for statistics.</p>",
                        "smithy.api#httpQuery": "stats"
                    }
                }
            },
            "traits": {
                "smithy.api#documentation": "<p>Container for the parameters to the <code>Search</code> request.</p>"
            }
        },
        "com.amazonaws.cloudsearchdomain#SearchResponse": {
            "type": "structure",
            "members": {
                "status": {
                    "target": "com.amazonaws.cloudsearchdomain#SearchStatus",
                    "traits": {
                        "smithy.api#documentation": "<p>The status information returned for the search request.</p>"
                    }
                },
                "hits": {
                    "target": "com.amazonaws.cloudsearchdomain#Hits",
                    "traits": {
                        "smithy.api#documentation": "<p>The documents that match the search criteria.</p>"
                    }
                },
                "facets": {
                    "target": "com.amazonaws.cloudsearchdomain#Facets",
                    "traits": {
                        "smithy.api#documentation": "<p>The requested facet information.</p>"
                    }
                },
                "stats": {
                    "target": "com.amazonaws.cloudsearchdomain#Stats",
                    "traits": {
                        "smithy.api#documentation": "<p>The requested field statistics information.</p>"
                    }
                }
            },
            "traits": {
                "smithy.api#documentation": "<p>The result of a <code>Search</code> request. Contains the documents that match the specified search criteria and any requested fields, highlights, and facet information.</p>"
            }
        },
        "com.amazonaws.cloudsearchdomain#SearchStatus": {
            "type": "structure",
            "members": {
                "timems": {
                    "target": "com.amazonaws.cloudsearchdomain#Long",
                    "traits": {
                        "smithy.api#documentation": "<p>How long it took to process the request, in milliseconds.</p>"
                    }
                },
                "rid": {
                    "target": "com.amazonaws.cloudsearchdomain#String",
                    "traits": {
                        "smithy.api#documentation": "<p>The encrypted resource ID for the request.</p>"
                    }
                }
            },
            "traits": {
                "smithy.api#documentation": "<p>Contains the resource id (<code>rid</code>) and the time it took to process the request (<code>timems</code>).</p>"
            }
        },
        "com.amazonaws.cloudsearchdomain#Size": {
            "type": "long"
        },
        "com.amazonaws.cloudsearchdomain#Sort": {
            "type": "string"
        },
        "com.amazonaws.cloudsearchdomain#Start": {
            "type": "long"
        },
        "com.amazonaws.cloudsearchdomain#Stat": {
            "type": "string"
        },
        "com.amazonaws.cloudsearchdomain#Stats": {
            "type": "map",
            "key": {
                "target": "com.amazonaws.cloudsearchdomain#String"
            },
            "value": {
                "target": "com.amazonaws.cloudsearchdomain#FieldStats"
            },
            "traits": {
                "smithy.api#documentation": "<p>The statistics calculated in the request.</p>"
            }
        },
        "com.amazonaws.cloudsearchdomain#String": {
            "type": "string"
        },
        "com.amazonaws.cloudsearchdomain#Suggest": {
            "type": "operation",
            "input": {
                "target": "com.amazonaws.cloudsearchdomain#SuggestRequest"
            },
            "output": {
                "target": "com.amazonaws.cloudsearchdomain#SuggestResponse"
            },
            "errors": [
                {
                    "target": "com.amazonaws.cloudsearchdomain#SearchException"
                }
            ],
            "traits": {
                "smithy.api#documentation": "<p>Retrieves autocomplete suggestions for a partial query string. You can use suggestions enable you to display likely matches before users finish typing. In Amazon CloudSearch, suggestions are based on the contents of a particular text field. When you request suggestions, Amazon CloudSearch finds all of the documents whose values in the suggester field start with the specified query string. The beginning of the field must match the query string to be considered a match.</p>\n      <p>For more information about configuring suggesters and retrieving suggestions, see <a href=\"http://docs.aws.amazon.com/cloudsearch/latest/developerguide/getting-suggestions.html\">Getting Suggestions</a> in the <i>Amazon CloudSearch Developer Guide</i>.</p>\n\n      <p>The endpoint for submitting <code>Suggest</code> requests is domain-specific and requires the <code>--endpoint-url</code> option. You submit suggest requests to a domain's search endpoint. To get the search endpoint for your domain, use the Amazon CloudSearch configuration service <code>DescribeDomains</code> action. The endpoints are also available on the domain dashboard in the Amazon CloudSearch console.</p>",
                "smithy.api#http": {
                    "method": "GET",
                    "uri": "/2013-01-01/suggest?format=sdk&pretty=true",
                    "code": 200
                }
            }
        },
        "com.amazonaws.cloudsearchdomain#SuggestModel": {
            "type": "structure",
            "members": {
                "query": {
                    "target": "com.amazonaws.cloudsearchdomain#String",
                    "traits": {
                        "smithy.api#documentation": "<p>The query string specified in the suggest request.</p>"
                    }
                },
                "found": {
                    "target": "com.amazonaws.cloudsearchdomain#Long",
                    "traits": {
                        "smithy.api#documentation": "<p>The number of documents that were found to match the query string.</p>"
                    }
                },
                "suggestions": {
                    "target": "com.amazonaws.cloudsearchdomain#Suggestions",
                    "traits": {
                        "smithy.api#documentation": "<p>The documents that match the query string.</p>"
                    }
                }
            },
            "traits": {
                "smithy.api#documentation": "<p>Container for the suggestion information returned in a <code>SuggestResponse</code>.</p>"
            }
        },
        "com.amazonaws.cloudsearchdomain#SuggestRequest": {
            "type": "structure",
            "members": {
                "query": {
                    "target": "com.amazonaws.cloudsearchdomain#Query",
                    "traits": {
                        "smithy.api#documentation": "<p>Specifies the string for which you want to get suggestions.</p>",
                        "smithy.api#httpQuery": "q",
                        "smithy.api#required": {}
                    }
                },
                "suggester": {
                    "target": "com.amazonaws.cloudsearchdomain#Suggester",
                    "traits": {
                        "smithy.api#documentation": "<p>Specifies the name of the suggester to use to find suggested matches.</p>",
                        "smithy.api#httpQuery": "suggester",
                        "smithy.api#required": {}
                    }
                },
                "size": {
                    "target": "com.amazonaws.cloudsearchdomain#SuggestionsSize",
                    "traits": {
                        "smithy.api#documentation": "<p>Specifies the maximum number of suggestions to return.</p>",
                        "smithy.api#httpQuery": "size"
                    }
                }
            },
            "traits": {
                "smithy.api#documentation": "<p>Container for the parameters to the <code>Suggest</code> request.</p>"
            }
        },
        "com.amazonaws.cloudsearchdomain#SuggestResponse": {
            "type": "structure",
            "members": {
                "status": {
                    "target": "com.amazonaws.cloudsearchdomain#SuggestStatus",
                    "traits": {
                        "smithy.api#documentation": "<p>The status of a <code>SuggestRequest</code>. Contains the resource ID (<code>rid</code>) and how long it took to process the request (<code>timems</code>).</p>"
                    }
                },
                "suggest": {
                    "target": "com.amazonaws.cloudsearchdomain#SuggestModel",
                    "traits": {
                        "smithy.api#documentation": "<p>Container for the matching search suggestion information.</p>"
                    }
                }
            },
            "traits": {
                "smithy.api#documentation": "<p>Contains the response to a <code>Suggest</code> request.</p>"
            }
        },
        "com.amazonaws.cloudsearchdomain#SuggestStatus": {
            "type": "structure",
            "members": {
                "timems": {
                    "target": "com.amazonaws.cloudsearchdomain#Long",
                    "traits": {
                        "smithy.api#documentation": "<p>How long it took to process the request, in milliseconds.</p>"
                    }
                },
                "rid": {
                    "target": "com.amazonaws.cloudsearchdomain#String",
                    "traits": {
                        "smithy.api#documentation": "<p>The encrypted resource ID for the request.</p>"
                    }
                }
            },
            "traits": {
                "smithy.api#documentation": "<p>Contains the resource id (<code>rid</code>) and the time it took to process the request (<code>timems</code>).</p>"
            }
        },
        "com.amazonaws.cloudsearchdomain#Suggester": {
            "type": "string"
        },
        "com.amazonaws.cloudsearchdomain#SuggestionMatch": {
            "type": "structure",
            "members": {
                "suggestion": {
                    "target": "com.amazonaws.cloudsearchdomain#String",
                    "traits": {
                        "smithy.api#documentation": "<p>The string that matches the query string specified in the <code>SuggestRequest</code>.</p>"
                    }
                },
                "score": {
                    "target": "com.amazonaws.cloudsearchdomain#Long",
                    "traits": {
                        "smithy.api#documentation": "<p>The relevance score of a suggested match.</p>"
                    }
                },
                "id": {
                    "target": "com.amazonaws.cloudsearchdomain#String",
                    "traits": {
                        "smithy.api#documentation": "<p>The document ID of the suggested document.</p>"
                    }
                }
            },
            "traits": {
                "smithy.api#documentation": "<p>An autocomplete suggestion that matches the query string specified in a <code>SuggestRequest</code>.</p>"
            }
        },
        "com.amazonaws.cloudsearchdomain#Suggestions": {
            "type": "list",
            "member": {
                "target": "com.amazonaws.cloudsearchdomain#SuggestionMatch"
            }
        },
        "com.amazonaws.cloudsearchdomain#SuggestionsSize": {
            "type": "long"
        },
        "com.amazonaws.cloudsearchdomain#UploadDocuments": {
            "type": "operation",
            "input": {
                "target": "com.amazonaws.cloudsearchdomain#UploadDocumentsRequest"
            },
            "output": {
                "target": "com.amazonaws.cloudsearchdomain#UploadDocumentsResponse"
            },
            "errors": [
                {
                    "target": "com.amazonaws.cloudsearchdomain#DocumentServiceException"
                }
            ],
            "traits": {
                "smithy.api#documentation": "<p>Posts a batch of documents to a search domain for indexing. A document batch is a collection of add and delete operations that represent the documents you want to add, update, or delete from your domain. Batches can be described in either JSON or XML. Each item that you want Amazon CloudSearch to return as a search result (such as a product) is represented as a document. Every document has a unique ID and one or more fields that contain the data that you want to search and return in results. Individual documents  cannot contain more than 1 MB of data. The entire batch cannot exceed 5 MB. To get the best possible upload performance, group add and delete operations in batches that are close the 5 MB limit. Submitting a large volume of single-document batches can overload a domain's document service.</p>\n      <p>The endpoint for submitting <code>UploadDocuments</code> requests is domain-specific and requires the <code>--endpoint-url</code> option. To get the document endpoint for your domain, use the Amazon CloudSearch configuration service <code>DescribeDomains</code> action. The endpoints are also available on the domain dashboard in the Amazon CloudSearch console.</p>\n      <p>For more information about formatting your data for Amazon CloudSearch, see <a href=\"http://docs.aws.amazon.com/cloudsearch/latest/developerguide/preparing-data.html\">Preparing Your Data</a> in the <i>Amazon CloudSearch Developer Guide</i>.\n      For more information about uploading data for indexing, see <a href=\"http://docs.aws.amazon.com/cloudsearch/latest/developerguide/uploading-data.html\">Uploading Data</a> in the <i>Amazon CloudSearch Developer Guide</i>.</p>",
                "smithy.api#http": {
                    "method": "POST",
                    "uri": "/2013-01-01/documents/batch?format=sdk",
                    "code": 200
                }
            }
        },
        "com.amazonaws.cloudsearchdomain#UploadDocumentsRequest": {
            "type": "structure",
            "members": {
                "documents": {
                    "target": "com.amazonaws.cloudsearchdomain#Blob",
                    "traits": {
                        "smithy.api#documentation": "<p>A batch of documents formatted in JSON or HTML.</p>",
                        "smithy.api#httpPayload": {},
                        "smithy.api#required": {}
                    }
                },
                "contentType": {
                    "target": "com.amazonaws.cloudsearchdomain#ContentType",
                    "traits": {
                        "smithy.api#documentation": "<p>The format of the batch you are uploading. Amazon CloudSearch supports two document batch formats:</p>\n      <ul>\n         <li>application/json</li>\n         <li>application/xml</li>\n      </ul>",
                        "smithy.api#httpHeader": "Content-Type",
                        "smithy.api#required": {}
                    }
                }
            },
            "traits": {
                "smithy.api#documentation": "<p>Container for the parameters to the <code>UploadDocuments</code> request.</p>"
            }
        },
        "com.amazonaws.cloudsearchdomain#UploadDocumentsResponse": {
            "type": "structure",
            "members": {
                "status": {
                    "target": "com.amazonaws.cloudsearchdomain#String",
                    "traits": {
                        "smithy.api#documentation": "<p>The status of an <code>UploadDocumentsRequest</code>.</p>"
                    }
                },
                "adds": {
                    "target": "com.amazonaws.cloudsearchdomain#Adds",
                    "traits": {
                        "smithy.api#documentation": "<p>The number of documents that were added to the search domain.</p>"
                    }
                },
                "deletes": {
                    "target": "com.amazonaws.cloudsearchdomain#Deletes",
                    "traits": {
                        "smithy.api#documentation": "<p>The number of documents that were deleted from the search domain.</p>"
                    }
                },
                "warnings": {
                    "target": "com.amazonaws.cloudsearchdomain#DocumentServiceWarnings",
                    "traits": {
                        "smithy.api#documentation": "<p>Any warnings returned by the document service about the documents being uploaded.</p>"
                    }
                }
            },
            "traits": {
                "smithy.api#documentation": "<p>Contains the response to an <code>UploadDocuments</code> request.</p>"
            }
        }
    }
}
