{
    "smithy": "1.0",
    "metadata": {
        "suppressions": [
            {
                "id": "HttpMethodSemantics",
                "namespace": "*"
            },
            {
                "id": "HttpResponseCodeSemantics",
                "namespace": "*"
            },
            {
                "id": "PaginatedTrait",
                "namespace": "*"
            },
            {
                "id": "HttpHeaderTrait",
                "namespace": "*"
            },
            {
                "id": "HttpUriConflict",
                "namespace": "*"
            },
            {
                "id": "Service",
                "namespace": "*"
            }
        ]
    },
    "shapes": {
        "com.amazonaws.pi#DataPoint": {
            "type": "structure",
            "members": {
                "Timestamp": {
                    "target": "com.amazonaws.pi#ISOTimestamp",
                    "traits": {
                        "smithy.api#documentation": "<p>The time, in epoch format, associated with a particular <code>Value</code>.</p>",
                        "smithy.api#required": {}
                    }
                },
                "Value": {
                    "target": "com.amazonaws.pi#Double",
                    "traits": {
                        "smithy.api#documentation": "<p>The actual value associated with a particular <code>Timestamp</code>.</p>",
                        "smithy.api#required": {}
                    }
                }
            },
            "traits": {
                "smithy.api#documentation": "<p>A timestamp, and a single numerical value, which together represent a measurement at a particular point in time.</p>"
            }
        },
        "com.amazonaws.pi#DataPointsList": {
            "type": "list",
            "member": {
                "target": "com.amazonaws.pi#DataPoint"
            }
        },
        "com.amazonaws.pi#DescribeDimensionKeys": {
            "type": "operation",
            "input": {
                "target": "com.amazonaws.pi#DescribeDimensionKeysRequest"
            },
            "output": {
                "target": "com.amazonaws.pi#DescribeDimensionKeysResponse"
            },
            "errors": [
                {
                    "target": "com.amazonaws.pi#InternalServiceError"
                },
                {
                    "target": "com.amazonaws.pi#InvalidArgumentException"
                },
                {
                    "target": "com.amazonaws.pi#NotAuthorizedException"
                }
            ],
            "traits": {
                "smithy.api#documentation": "<p>For a specific time period, retrieve the top <code>N</code> dimension keys for a\n      metric.</p>"
            }
        },
        "com.amazonaws.pi#DescribeDimensionKeysRequest": {
            "type": "structure",
            "members": {
                "ServiceType": {
                    "target": "com.amazonaws.pi#ServiceType",
                    "traits": {
                        "smithy.api#documentation": "<p>The AWS service for which Performance Insights will return metrics. The only valid value for\n        <i>ServiceType</i> is: <code>RDS</code>\n         </p>",
                        "smithy.api#required": {}
                    }
                },
                "Identifier": {
                    "target": "com.amazonaws.pi#String",
                    "traits": {
                        "smithy.api#documentation": "<p>An immutable, AWS Region-unique identifier for a data source. Performance Insights gathers metrics from\n      this data source.</p>\n         <p>To use an Amazon RDS instance as a data source, you specify its\n        <code>DbiResourceId</code> value - for example:\n      <code>db-FAIHNTYBKTGAUSUZQYPDS2GW4A</code>\n         </p>",
                        "smithy.api#required": {}
                    }
                },
                "StartTime": {
                    "target": "com.amazonaws.pi#ISOTimestamp",
                    "traits": {
                        "smithy.api#documentation": "<p>The date and time specifying the beginning of the requested time series data. \n      You can't specify a <code>StartTime</code> that's earlier than 7 days ago.  The value\n      specified is <i>inclusive</i> - data points equal to or greater than\n        <code>StartTime</code> will be returned.</p>\n         <p>The value for <code>StartTime</code> must be earlier than the value for\n        <code>EndTime</code>.</p>",
                        "smithy.api#required": {}
                    }
                },
                "EndTime": {
                    "target": "com.amazonaws.pi#ISOTimestamp",
                    "traits": {
                        "smithy.api#documentation": "<p>The date and time specifying the end of the requested time series data. The value\n      specified is <i>exclusive</i> - data points less than (but not equal to)\n        <code>EndTime</code> will be returned.</p>\n         <p>The value for <code>EndTime</code> must be later than the value for\n        <code>StartTime</code>.</p>",
                        "smithy.api#required": {}
                    }
                },
                "Metric": {
                    "target": "com.amazonaws.pi#String",
                    "traits": {
                        "smithy.api#documentation": "<p>The name of a Performance Insights metric to be measured.</p>\n         <p>Valid values for <code>Metric</code> are:</p>\n     \n         <ul>\n            <li>\n               <p>\n                  <code>db.load.avg</code> - a scaled representation of the number of active sessions\n          for the database engine.</p>\n            </li>\n            <li>\n               <p>\n                  <code>db.sampledload.avg</code> - the raw number of active sessions for the\n          database engine.</p>\n            </li>\n         </ul>",
                        "smithy.api#required": {}
                    }
                },
                "PeriodInSeconds": {
                    "target": "com.amazonaws.pi#Integer",
                    "traits": {
                        "smithy.api#documentation": "<p>The granularity, in seconds, of the data points returned from Performance Insights. A period can be as short as\n      one second, or as long as one day (86400 seconds).  Valid values are:</p>\n    \n        <ul>\n            <li>\n               <p>\n                  <code>1</code> (one second)</p>\n            </li>\n            <li>\n               <p>\n                  <code>60</code> (one minute)</p>\n            </li>\n            <li>\n               <p>\n                  <code>300</code> (five minutes)</p>\n            </li>\n            <li>\n               <p>\n                  <code>3600</code> (one hour)</p>\n            </li>\n            <li>\n               <p>\n                  <code>86400</code> (twenty-four hours)</p>\n            </li>\n         </ul>\n    \n         <p>If you don't specify <code>PeriodInSeconds</code>, then Performance Insights will choose a value for\n      you, with a goal of returning roughly 100-200 data points in the response.</p>"
                    }
                },
                "GroupBy": {
                    "target": "com.amazonaws.pi#DimensionGroup",
                    "traits": {
                        "smithy.api#documentation": "<p>A specification for how to aggregate the data points from a query result. You must\n      specify a valid dimension group. Performance Insights will return all of the dimensions within that group,\n      unless you provide the names of specific dimensions within that group. You can also request\n      that Performance Insights return a limited number of values for a dimension.</p>",
                        "smithy.api#required": {}
                    }
                },
                "PartitionBy": {
                    "target": "com.amazonaws.pi#DimensionGroup",
                    "traits": {
                        "smithy.api#documentation": "<p>For each dimension specified in \n      <code>GroupBy</code>, specify a secondary dimension to further subdivide the partition keys in the response.</p>"
                    }
                },
                "Filter": {
                    "target": "com.amazonaws.pi#MetricQueryFilterMap",
                    "traits": {
                        "smithy.api#documentation": "<p>One or more filters to apply in the request.  Restrictions:</p>\n         <ul>\n            <li>\n               <p>Any number of filters by the same dimension, as specified in the <code>GroupBy</code> or\n          <code>Partition</code> parameters.</p>\n            </li>\n            <li>\n               <p>A single filter for any other dimension in this dimension group.</p>\n            </li>\n         </ul>"
                    }
                },
                "MaxResults": {
                    "target": "com.amazonaws.pi#MaxResults",
                    "traits": {
                        "smithy.api#documentation": "<p>The maximum number of items to return in the response. \n      If more items exist than the specified <code>MaxRecords</code> value, a pagination \n      token is included in the response so that the remaining \n      results can be retrieved.\n    </p>"
                    }
                },
                "NextToken": {
                    "target": "com.amazonaws.pi#String",
                    "traits": {
                        "smithy.api#documentation": "<p>An optional pagination token provided by a previous request. If\n      this parameter is specified, the response includes only records beyond the token, up to the\n      value specified by <code>MaxRecords</code>.</p>"
                    }
                }
            }
        },
        "com.amazonaws.pi#DescribeDimensionKeysResponse": {
            "type": "structure",
            "members": {
                "AlignedStartTime": {
                    "target": "com.amazonaws.pi#ISOTimestamp",
                    "traits": {
                        "smithy.api#documentation": "<p>The start time for the returned dimension keys, after alignment to a granular boundary (as\n      specified by <code>PeriodInSeconds</code>). <code>AlignedStartTime</code> will be less than or\n      equal to the value of the user-specified <code>StartTime</code>.</p>"
                    }
                },
                "AlignedEndTime": {
                    "target": "com.amazonaws.pi#ISOTimestamp",
                    "traits": {
                        "smithy.api#documentation": "<p>The end time for the returned dimension keys, after alignment to a granular boundary (as\n      specified by <code>PeriodInSeconds</code>). <code>AlignedEndTime</code> will be greater than\n      or equal to the value of the user-specified <code>Endtime</code>.</p>"
                    }
                },
                "PartitionKeys": {
                    "target": "com.amazonaws.pi#ResponsePartitionKeyList",
                    "traits": {
                        "smithy.api#documentation": "<p>If <code>PartitionBy</code> was present in the request, <code>PartitionKeys</code> contains the breakdown of dimension keys by the specified partitions.</p>"
                    }
                },
                "Keys": {
                    "target": "com.amazonaws.pi#DimensionKeyDescriptionList",
                    "traits": {
                        "smithy.api#documentation": "<p>The dimension keys that were requested.</p>"
                    }
                },
                "NextToken": {
                    "target": "com.amazonaws.pi#String",
                    "traits": {
                        "smithy.api#documentation": "<p>An optional pagination token provided by a previous request. If\n      this parameter is specified, the response includes only records beyond the token, up to the\n      value specified by <code>MaxRecords</code>.</p>"
                    }
                }
            }
        },
        "com.amazonaws.pi#DimensionGroup": {
            "type": "structure",
            "members": {
                "Group": {
                    "target": "com.amazonaws.pi#String",
                    "traits": {
                        "smithy.api#documentation": "<p>The name of the dimension group.  Valid values are:</p>\n    \n         <ul>\n            <li>\n               <p>\n                  <code>db.user</code>\n               </p>\n            </li>\n            <li>\n               <p>\n                  <code>db.host</code>\n               </p>\n            </li>\n            <li>\n               <p>\n                  <code>db.sql</code>\n               </p>\n            </li>\n            <li>\n               <p>\n                  <code>db.sql_tokenized</code>\n               </p>\n            </li>\n            <li>\n               <p>\n                  <code>db.wait_event</code>\n               </p>\n            </li>\n            <li>\n               <p>\n                  <code>db.wait_event_type</code>\n               </p>\n            </li>\n         </ul>",
                        "smithy.api#required": {}
                    }
                },
                "Dimensions": {
                    "target": "com.amazonaws.pi#StringList",
                    "traits": {
                        "smithy.api#documentation": "<p>A list of specific dimensions from a dimension group. If this parameter is not present,\n      then it signifies that all of the dimensions in the group were requested, or are present in\n      the response.</p>\n         <p>Valid values for elements in the <code>Dimensions</code> array are:</p>\n         <ul>\n            <li>\n               <p>db.user.id</p>\n            </li>\n            <li>\n               <p>db.user.name</p>\n            </li>\n            <li>\n               <p>db.host.id</p>\n            </li>\n            <li>\n               <p>db.host.name</p>\n            </li>\n            <li>\n               <p>db.sql.id</p>\n            </li>\n            <li>\n               <p>db.sql.db_id</p>\n            </li>\n            <li>\n               <p>db.sql.statement</p>\n            </li>\n            <li>\n               <p>db.sql.tokenized_id</p>\n            </li>\n            <li>\n               <p>db.sql_tokenized.id</p>\n            </li>\n            <li>\n               <p>db.sql_tokenized.db_id</p>\n            </li>\n            <li>\n               <p>db.sql_tokenized.statement</p>\n            </li>\n            <li>\n               <p>db.wait_event.name</p>\n            </li>\n            <li>\n               <p>db.wait_event.type</p>\n            </li>\n            <li>\n               <p>db.wait_event_type.name</p>\n            </li>\n         </ul>"
                    }
                },
                "Limit": {
                    "target": "com.amazonaws.pi#Limit",
                    "traits": {
                        "smithy.api#documentation": "<p>The maximum number of items to fetch for this dimension group.</p>"
                    }
                }
            },
            "traits": {
                "smithy.api#documentation": "<p>A logical grouping of Performance Insights metrics for a related subject area. For example, the\n        <code>db.sql</code> dimension group consists of the following dimensions:\n        <code>db.sql.id</code>, <code>db.sql.db_id</code>, <code>db.sql.statement</code>, and\n        <code>db.sql.tokenized_id</code>.</p>"
            }
        },
        "com.amazonaws.pi#DimensionKeyDescription": {
            "type": "structure",
            "members": {
                "Dimensions": {
                    "target": "com.amazonaws.pi#DimensionMap",
                    "traits": {
                        "smithy.api#documentation": "<p>A map of name-value pairs for the dimensions in the group.</p>"
                    }
                },
                "Total": {
                    "target": "com.amazonaws.pi#Double",
                    "traits": {
                        "smithy.api#documentation": "<p>The aggregated metric value for the dimension(s), over the requested time range.</p>"
                    }
                },
                "Partitions": {
                    "target": "com.amazonaws.pi#MetricValuesList",
                    "traits": {
                        "smithy.api#documentation": "<p>If <code>PartitionBy</code> was specified, <code>PartitionKeys</code> contains the dimensions that were.</p>"
                    }
                }
            },
            "traits": {
                "smithy.api#documentation": "<p>An array of descriptions and aggregated values for\n      each dimension within a dimension group.</p>"
            }
        },
        "com.amazonaws.pi#DimensionKeyDescriptionList": {
            "type": "list",
            "member": {
                "target": "com.amazonaws.pi#DimensionKeyDescription"
            }
        },
        "com.amazonaws.pi#DimensionMap": {
            "type": "map",
            "key": {
                "target": "com.amazonaws.pi#String"
            },
            "value": {
                "target": "com.amazonaws.pi#String"
            }
        },
        "com.amazonaws.pi#Double": {
            "type": "double",
            "traits": {
                "smithy.api#box": {}
            }
        },
        "com.amazonaws.pi#GetResourceMetrics": {
            "type": "operation",
            "input": {
                "target": "com.amazonaws.pi#GetResourceMetricsRequest"
            },
            "output": {
                "target": "com.amazonaws.pi#GetResourceMetricsResponse"
            },
            "errors": [
                {
                    "target": "com.amazonaws.pi#InternalServiceError"
                },
                {
                    "target": "com.amazonaws.pi#InvalidArgumentException"
                },
                {
                    "target": "com.amazonaws.pi#NotAuthorizedException"
                }
            ],
            "traits": {
                "smithy.api#documentation": "<p>Retrieve Performance Insights metrics for a set of data sources, over a time period. You can provide\n      specific dimension groups and dimensions, and provide aggregation and filtering criteria for\n      each group.</p>"
            }
        },
        "com.amazonaws.pi#GetResourceMetricsRequest": {
            "type": "structure",
            "members": {
                "ServiceType": {
                    "target": "com.amazonaws.pi#ServiceType",
                    "traits": {
                        "smithy.api#documentation": "<p>The AWS service for which Performance Insights will return metrics. The only valid value for\n        <i>ServiceType</i> is: <code>RDS</code>\n         </p>",
                        "smithy.api#required": {}
                    }
                },
                "Identifier": {
                    "target": "com.amazonaws.pi#String",
                    "traits": {
                        "smithy.api#documentation": "<p>An immutable, AWS Region-unique identifier for a data source. Performance Insights gathers metrics from\n      this data source.</p>\n         <p>To use an Amazon RDS instance as a data source, you specify its\n        <code>DbiResourceId</code> value - for example:\n      <code>db-FAIHNTYBKTGAUSUZQYPDS2GW4A</code>\n         </p>",
                        "smithy.api#required": {}
                    }
                },
                "MetricQueries": {
                    "target": "com.amazonaws.pi#MetricQueryList",
                    "traits": {
                        "smithy.api#documentation": "<p>An array of one or more queries to perform. Each query must specify a Performance Insights metric, and\n      can optionally specify aggregation and filtering criteria.</p>",
                        "smithy.api#required": {}
                    }
                },
                "StartTime": {
                    "target": "com.amazonaws.pi#ISOTimestamp",
                    "traits": {
                        "smithy.api#documentation": "<p>The date and time specifying the beginning of the requested time series data. You can't\n      specify a <code>StartTime</code> that's earlier than 7 days ago. The value specified is\n        <i>inclusive</i> - data points equal to or greater than <code>StartTime</code>\n      will be returned.</p>\n         <p>The value for <code>StartTime</code> must be earlier than the value for <code>EndTime</code>.</p>",
                        "smithy.api#required": {}
                    }
                },
                "EndTime": {
                    "target": "com.amazonaws.pi#ISOTimestamp",
                    "traits": {
                        "smithy.api#documentation": "<p>The date and time specifiying the end of the requested time series data.  The value specified is \n      <i>exclusive</i> - data points less than (but not equal to) <code>EndTime</code> will be returned.</p>\n         <p>The value for <code>EndTime</code> must be later than the value for <code>StartTime</code>.</p>",
                        "smithy.api#required": {}
                    }
                },
                "PeriodInSeconds": {
                    "target": "com.amazonaws.pi#Integer",
                    "traits": {
                        "smithy.api#documentation": "<p>The granularity, in seconds, of the data points returned from Performance Insights. A period can be as short as\n      one second, or as long as one day (86400 seconds).  Valid values are:</p>\n    \n        <ul>\n            <li>\n               <p>\n                  <code>1</code> (one second)</p>\n            </li>\n            <li>\n               <p>\n                  <code>60</code> (one minute)</p>\n            </li>\n            <li>\n               <p>\n                  <code>300</code> (five minutes)</p>\n            </li>\n            <li>\n               <p>\n                  <code>3600</code> (one hour)</p>\n            </li>\n            <li>\n               <p>\n                  <code>86400</code> (twenty-four hours)</p>\n            </li>\n         </ul>\n    \n         <p>If you don't specify <code>PeriodInSeconds</code>, then Performance Insights will choose a value for\n      you, with a goal of returning roughly 100-200 data points in the response.</p>"
                    }
                },
                "MaxResults": {
                    "target": "com.amazonaws.pi#MaxResults",
                    "traits": {
                        "smithy.api#documentation": "<p>The maximum number of items to return in the response. \n      If more items exist than the specified <code>MaxRecords</code> value, a pagination \n      token is included in the response so that the remaining \n      results can be retrieved.\n    </p>"
                    }
                },
                "NextToken": {
                    "target": "com.amazonaws.pi#String",
                    "traits": {
                        "smithy.api#documentation": "<p>An optional pagination token provided by a previous request. If\n      this parameter is specified, the response includes only records beyond the token, up to the\n      value specified by <code>MaxRecords</code>.</p>"
                    }
                }
            }
        },
        "com.amazonaws.pi#GetResourceMetricsResponse": {
            "type": "structure",
            "members": {
                "AlignedStartTime": {
                    "target": "com.amazonaws.pi#ISOTimestamp",
                    "traits": {
                        "smithy.api#documentation": "<p>The start time for the returned metrics, after alignment to a granular boundary (as\n      specified by <code>PeriodInSeconds</code>). <code>AlignedStartTime</code> will be less than or\n      equal to the value of the user-specified <code>StartTime</code>.</p>"
                    }
                },
                "AlignedEndTime": {
                    "target": "com.amazonaws.pi#ISOTimestamp",
                    "traits": {
                        "smithy.api#documentation": "<p>The end time for the returned metrics, after alignment to a granular boundary (as\n      specified by <code>PeriodInSeconds</code>). <code>AlignedEndTime</code> will be greater than\n      or equal to the value of the user-specified <code>Endtime</code>.</p>"
                    }
                },
                "Identifier": {
                    "target": "com.amazonaws.pi#String",
                    "traits": {
                        "smithy.api#documentation": "<p>An immutable, AWS Region-unique identifier for a data source. Performance Insights gathers metrics from\n      this data source.</p>\n         <p>To use an Amazon RDS instance as a data source, you specify its \n      <code>DbiResourceId</code> value - for example:  \n      <code>db-FAIHNTYBKTGAUSUZQYPDS2GW4A</code>\n         </p>"
                    }
                },
                "MetricList": {
                    "target": "com.amazonaws.pi#MetricKeyDataPointsList",
                    "traits": {
                        "smithy.api#documentation": "<p>An array of metric results,, where each array element contains all of the data points for a particular dimension.</p>"
                    }
                },
                "NextToken": {
                    "target": "com.amazonaws.pi#String",
                    "traits": {
                        "smithy.api#documentation": "<p>An optional pagination token provided by a previous request. If\n      this parameter is specified, the response includes only records beyond the token, up to the\n      value specified by <code>MaxRecords</code>.</p>"
                    }
                }
            }
        },
        "com.amazonaws.pi#ISOTimestamp": {
            "type": "timestamp"
        },
        "com.amazonaws.pi#Integer": {
            "type": "integer",
            "traits": {
                "smithy.api#box": {}
            }
        },
        "com.amazonaws.pi#InternalServiceError": {
            "type": "structure",
            "members": {
                "Message": {
                    "target": "com.amazonaws.pi#String"
                }
            },
            "traits": {
                "smithy.api#documentation": "<p>The request failed due to an unknown error.</p>",
                "smithy.api#error": "server"
            }
        },
        "com.amazonaws.pi#InvalidArgumentException": {
            "type": "structure",
            "members": {
                "Message": {
                    "target": "com.amazonaws.pi#String"
                }
            },
            "traits": {
                "smithy.api#documentation": "<p>One of the arguments provided is invalid for this request.</p>",
                "smithy.api#error": "client"
            }
        },
        "com.amazonaws.pi#Limit": {
            "type": "integer",
            "traits": {
                "smithy.api#box": {},
                "smithy.api#range": {
                    "min": 1,
                    "max": 10
                }
            }
        },
        "com.amazonaws.pi#MaxResults": {
            "type": "integer",
            "traits": {
                "smithy.api#box": {},
                "smithy.api#range": {
                    "min": 0,
                    "max": 20
                }
            }
        },
        "com.amazonaws.pi#MetricKeyDataPoints": {
            "type": "structure",
            "members": {
                "Key": {
                    "target": "com.amazonaws.pi#ResponseResourceMetricKey",
                    "traits": {
                        "smithy.api#documentation": "<p>The dimension(s) to which the data points apply.</p>"
                    }
                },
                "DataPoints": {
                    "target": "com.amazonaws.pi#DataPointsList",
                    "traits": {
                        "smithy.api#documentation": "<p>An array of timestamp-value pairs, representing measurements over a period of time.</p>"
                    }
                }
            },
            "traits": {
                "smithy.api#documentation": "<p>A time-ordered series of data points, correpsonding to a dimension of a Performance Insights\n      metric.</p>"
            }
        },
        "com.amazonaws.pi#MetricKeyDataPointsList": {
            "type": "list",
            "member": {
                "target": "com.amazonaws.pi#MetricKeyDataPoints"
            }
        },
        "com.amazonaws.pi#MetricQuery": {
            "type": "structure",
            "members": {
                "Metric": {
                    "target": "com.amazonaws.pi#String",
                    "traits": {
                        "smithy.api#documentation": "<p>The name of a Performance Insights metric to be measured.</p>\n         <p>Valid values for <code>Metric</code> are:</p>\n    \n         <ul>\n            <li>\n               <p>\n                  <code>db.load.avg</code> - a scaled representation of the number of active sessions\n          for the database engine.</p>\n            </li>\n            <li>\n               <p>\n                  <code>db.sampledload.avg</code> - the raw number of active sessions for the\n          database engine.</p>\n            </li>\n         </ul>",
                        "smithy.api#required": {}
                    }
                },
                "GroupBy": {
                    "target": "com.amazonaws.pi#DimensionGroup",
                    "traits": {
                        "smithy.api#documentation": "<p>A specification for how to aggregate the data points from a query result. You must\n      specify a valid dimension group.  Performance Insights will return all of the dimensions within that group,\n      unless you provide the names of specific dimensions within that group. You can also request\n      that Performance Insights return a limited number of values for a dimension.</p>"
                    }
                },
                "Filter": {
                    "target": "com.amazonaws.pi#MetricQueryFilterMap",
                    "traits": {
                        "smithy.api#documentation": "<p>One or more filters to apply in the request.  Restrictions:</p>\n         <ul>\n            <li>\n               <p>Any number of filters by the same dimension, as specified in the <code>GroupBy</code> parameter.</p>\n            </li>\n            <li>\n               <p>A single filter for any other dimension in this dimension group.</p>\n            </li>\n         </ul>"
                    }
                }
            },
            "traits": {
                "smithy.api#documentation": "<p>A single query to be processed. You must provide the metric to query. If no other\n      parameters are specified, Performance Insights returns all of the data points for that metric. You can\n      optionally request that the data points be aggregated by dimension group (\n      <code>GroupBy</code>), and return only those data points that match your criteria (<code>Filter</code>).</p>"
            }
        },
        "com.amazonaws.pi#MetricQueryFilterMap": {
            "type": "map",
            "key": {
                "target": "com.amazonaws.pi#String"
            },
            "value": {
                "target": "com.amazonaws.pi#String"
            }
        },
        "com.amazonaws.pi#MetricQueryList": {
            "type": "list",
            "member": {
                "target": "com.amazonaws.pi#MetricQuery"
            },
            "traits": {
                "smithy.api#length": {
                    "min": 1,
                    "max": 15
                }
            }
        },
        "com.amazonaws.pi#MetricValuesList": {
            "type": "list",
            "member": {
                "target": "com.amazonaws.pi#Double"
            }
        },
        "com.amazonaws.pi#NotAuthorizedException": {
            "type": "structure",
            "members": {
                "Message": {
                    "target": "com.amazonaws.pi#String"
                }
            },
            "traits": {
                "smithy.api#documentation": "<p>The user is not authorized to perform this request.</p>",
                "smithy.api#error": "client"
            }
        },
        "com.amazonaws.pi#PerformanceInsightsv20180227": {
            "type": "service",
            "version": "2018-02-27",
            "operations": [
                {
                    "target": "com.amazonaws.pi#DescribeDimensionKeys"
                },
                {
                    "target": "com.amazonaws.pi#GetResourceMetrics"
                }
            ],
            "traits": {
                "aws.api#service": {
                    "sdkId": "PI",
                    "arnNamespace": "pi",
                    "cloudFormationName": "PI",
                    "cloudTrailEventSource": "pi.amazonaws.com",
                    "endpointPrefix": "pi"
                },
                "aws.auth#sigv4": {
                    "name": "pi"
                },
                "aws.protocols#awsJson1_1": {},
                "smithy.api#documentation": "<p>AWS Performance Insights enables you to monitor and explore different dimensions of\n      database load based on data captured from a running RDS instance. The guide provides detailed\n      information about Performance Insights data types, parameters and errors. For more information\n      about Performance Insights capabilities see <a href=\"https://docs.aws.amazon.com/AmazonRDS/latest/UserGuide/USER_PerfInsights.html\">Using Amazon RDS Performance\n        Insights </a> in the <i>Amazon RDS User Guide</i>.</p>\n\n         <p> The AWS Performance Insights API provides visibility into the performance of your RDS\n      instance, when Performance Insights is enabled for supported engine types. While Amazon\n      CloudWatch provides the authoritative source for AWS service vended monitoring metrics, AWS\n      Performance Insights offers a domain-specific view of database load measured as Average Active\n      Sessions and provided to API consumers as a 2-dimensional time-series dataset. The time\n      dimension of the data provides DB load data for each time point in the queried time range, and\n      each time point decomposes overall load in relation to the requested dimensions, such as SQL,\n      Wait-event, User or Host, measured at that time point.</p>",
                "smithy.api#title": "AWS Performance Insights",
                "smithy.api#xmlNamespace": {
                    "uri": "http://pi.amazonaws.com/doc/2018-02-27/"
                }
            }
        },
        "com.amazonaws.pi#ResponsePartitionKey": {
            "type": "structure",
            "members": {
                "Dimensions": {
                    "target": "com.amazonaws.pi#DimensionMap",
                    "traits": {
                        "smithy.api#documentation": "<p>A dimension map that contains the dimension(s) for this partition.</p>",
                        "smithy.api#required": {}
                    }
                }
            },
            "traits": {
                "smithy.api#documentation": "<p>If <code>PartitionBy</code> was specified in a <code>DescribeDimensionKeys</code>\n      request, the dimensions are returned in an array. Each element in the array specifies one\n      dimension. </p>"
            }
        },
        "com.amazonaws.pi#ResponsePartitionKeyList": {
            "type": "list",
            "member": {
                "target": "com.amazonaws.pi#ResponsePartitionKey"
            }
        },
        "com.amazonaws.pi#ResponseResourceMetricKey": {
            "type": "structure",
            "members": {
                "Metric": {
                    "target": "com.amazonaws.pi#String",
                    "traits": {
                        "smithy.api#documentation": "<p>The name of a Performance Insights metric to be measured.</p>\n         <p>Valid values for <code>Metric</code> are:</p>\n    \n         <ul>\n            <li>\n               <p>\n                  <code>db.load.avg</code> - a scaled representation of the number of active sessions\n          for the database engine.</p>\n            </li>\n            <li>\n               <p>\n                  <code>db.sampledload.avg</code> - the raw number of active sessions for the\n          database engine.</p>\n            </li>\n         </ul>",
                        "smithy.api#required": {}
                    }
                },
                "Dimensions": {
                    "target": "com.amazonaws.pi#DimensionMap",
                    "traits": {
                        "smithy.api#documentation": "<p>The valid dimensions for the metric.</p>"
                    }
                }
            },
            "traits": {
                "smithy.api#documentation": "<p>An object describing a Performance Insights metric and one or more dimensions for that metric.</p>"
            }
        },
        "com.amazonaws.pi#ServiceType": {
            "type": "string",
            "traits": {
                "smithy.api#enum": [
                    {
                        "value": "RDS",
                        "name": "RDS"
                    }
                ]
            }
        },
        "com.amazonaws.pi#String": {
            "type": "string"
        },
        "com.amazonaws.pi#StringList": {
            "type": "list",
            "member": {
                "target": "com.amazonaws.pi#String"
            },
            "traits": {
                "smithy.api#length": {
                    "min": 1,
                    "max": 10
                }
            }
        }
    }
}
